{"cameraMode":{"drawMode":0,"name":"Shaded","section":"Shading Mode"},"sceneLighting":true,"audioPlay":false,"sceneViewState":{"m_AlwaysRefresh":true,"showFog":true,"showSkybox":true,"showFlares":true,"showImageEffects":true,"showParticleSystems":true,"showVisualEffectGraphs":true,"m_FxEnabled":true},"in2DMode":false,"pivot":{"x":2.1412570476531984,"y":0.8572121858596802,"z":2.198425054550171},"rotation":{"x":0.07831216603517533,"y":0.3663593828678131,"z":-0.03096122108399868,"w":0.9266642928123474},"size":5.735135078430176,"orthographic":false}