{"cameraMode":{"drawMode":0,"name":"Shaded","section":"Shading Mode"},"sceneLighting":true,"audioPlay":false,"sceneViewState":{"m_AlwaysRefresh":true,"showFog":true,"showSkybox":true,"showFlares":true,"showImageEffects":true,"showParticleSystems":true,"showVisualEffectGraphs":true,"m_FxEnabled":true},"in2DMode":false,"pivot":{"x":0.6631099581718445,"y":-0.37458521127700808,"z":-0.0021557160653173925},"rotation":{"x":0.13937672972679139,"y":-0.8604751825332642,"z":0.35407087206840517,"w":0.33909887075424197},"size":7.324296474456787,"orthographic":false}