{"cameraMode":{"drawMode":0,"name":"Shaded","section":"Shading Mode"},"sceneLighting":true,"audioPlay":false,"sceneViewState":{"m_AlwaysRefresh":true,"showFog":true,"showSkybox":true,"showFlares":true,"showImageEffects":true,"showParticleSystems":true,"showVisualEffectGraphs":true,"m_FxEnabled":true},"in2DMode":false,"pivot":{"x":4.281956195831299,"y":-1.784787893295288,"z":9.197009086608887},"rotation":{"x":0.24649423360824586,"y":0.04360754042863846,"z":-0.01102690864354372,"w":0.9681237936019898},"size":24.023672103881837,"orthographic":false}