{"cameraMode":{"drawMode":0,"name":"Shaded","section":"Shading Mode"},"sceneLighting":true,"audioPlay":false,"sceneViewState":{"m_AlwaysRefresh":true,"showFog":true,"showSkybox":true,"showFlares":true,"showImageEffects":true,"showParticleSystems":true,"showVisualEffectGraphs":true,"m_FxEnabled":true},"in2DMode":false,"pivot":{"x":0.8753516674041748,"y":-3.697014331817627,"z":-6.023713111877441},"rotation":{"x":0.046037692576646808,"y":0.9110568165779114,"z":-0.39576756954193118,"w":0.10597515106201172},"size":17.73233413696289,"orthographic":false}