{"cameraMode":{"drawMode":0,"name":"Shaded","section":"Shading Mode"},"sceneLighting":true,"audioPlay":false,"sceneViewState":{"m_AlwaysRefresh":true,"showFog":true,"showSkybox":true,"showFlares":true,"showImageEffects":true,"showParticleSystems":true,"showVisualEffectGraphs":true,"m_FxEnabled":true},"in2DMode":false,"pivot":{"x":-5.854762077331543,"y":5.409796237945557,"z":-13.208148002624512},"rotation":{"x":0.45401591062545779,"y":0.01202886551618576,"z":-0.006117023527622223,"w":0.8908998370170593},"size":18.444644927978517,"orthographic":false}