{"cameraMode":{"drawMode":0,"name":"Shaded","section":"Shading Mode"},"sceneLighting":false,"audioPlay":false,"sceneViewState":{"m_AlwaysRefresh":true,"showFog":true,"showSkybox":false,"showFlares":true,"showImageEffects":true,"showParticleSystems":true,"showVisualEffectGraphs":true,"m_FxEnabled":true},"in2DMode":false,"pivot":{"x":-5.960464477539063e-7,"y":1.0407719612121583,"z":0.140436053276062},"rotation":{"x":0.08423230797052384,"y":0.39373940229415896,"z":-0.03620314598083496,"w":0.9146597385406494},"size":1.9352563619613648,"orthographic":false}