{"cameraMode":{"drawMode":0,"name":"Shaded","section":"Shading Mode"},"sceneLighting":true,"audioPlay":false,"sceneViewState":{"m_AlwaysRefresh":true,"showFog":true,"showSkybox":true,"showFlares":true,"showImageEffects":true,"showParticleSystems":true,"showVisualEffectGraphs":true,"m_FxEnabled":true},"in2DMode":false,"pivot":{"x":-136.34494018554688,"y":151.36668395996095,"z":518.472412109375},"rotation":{"x":0.07500776648521424,"y":-0.30601364374160769,"z":0.024209117516875268,"w":0.9487828612327576},"size":387.0606384277344,"orthographic":false}