{"cameraMode":{"drawMode":0,"name":"Shaded","section":"Shading Mode"},"sceneLighting":false,"audioPlay":false,"sceneViewState":{"m_AlwaysRefresh":true,"showFog":true,"showSkybox":false,"showFlares":true,"showImageEffects":true,"showParticleSystems":true,"showVisualEffectGraphs":true,"m_FxEnabled":true},"in2DMode":false,"pivot":{"x":-1.3229999542236329,"y":1.5099999904632569,"z":-1.6307904720306397},"rotation":{"x":0.42535534501075747,"y":-0.5331090092658997,"z":0.3545525372028351,"w":0.6397631168365479},"size":0.2598075866699219,"orthographic":false}