{"cameraMode":{"drawMode":0,"name":"Shaded","section":"Shading Mode"},"sceneLighting":false,"audioPlay":false,"sceneViewState":{"m_AlwaysRefresh":true,"showFog":true,"showSkybox":false,"showFlares":true,"showImageEffects":true,"showParticleSystems":true,"showVisualEffectGraphs":true,"m_FxEnabled":true},"in2DMode":false,"pivot":{"x":3.755678176879883,"y":-0.7894032001495361,"z":-6.34407377243042},"rotation":{"x":0.04930747672915459,"y":0.46769842505455019,"z":-0.026085013523697854,"w":0.8821504712104797},"size":7.1632890701293949,"orthographic":false}