{"cameraMode":{"drawMode":0,"name":"Shaded","section":"Shading Mode"},"sceneLighting":true,"audioPlay":false,"sceneViewState":{"m_AlwaysRefresh":true,"showFog":true,"showSkybox":true,"showFlares":true,"showImageEffects":true,"showParticleSystems":true,"showVisualEffectGraphs":true,"m_FxEnabled":true},"in2DMode":false,"pivot":{"x":58.00836181640625,"y":27.546607971191408,"z":35.216129302978519},"rotation":{"x":0.10163866728544235,"y":-0.5756283402442932,"z":-0.07238489389419556,"w":-0.8081714510917664},"size":54.43263244628906,"orthographic":false}