{"cameraMode":{"drawMode":0,"name":"Shaded","section":"Shading Mode"},"sceneLighting":true,"audioPlay":false,"sceneViewState":{"m_AlwaysRefresh":true,"showFog":true,"showSkybox":true,"showFlares":true,"showImageEffects":true,"showParticleSystems":true,"showVisualEffectGraphs":true,"m_FxEnabled":true},"in2DMode":false,"pivot":{"x":0.15944582223892213,"y":0.06019872426986694,"z":0.9971572160720825},"rotation":{"x":-0.13297662138938905,"y":0.12217258661985398,"z":-0.0165080726146698,"w":-0.9834495782852173},"size":5.7481889724731449,"orthographic":false}