{"cameraMode":{"drawMode":0,"name":"Shaded","section":"Shading Mode"},"sceneLighting":true,"audioPlay":false,"sceneViewState":{"m_AlwaysRefresh":true,"showFog":true,"showSkybox":true,"showFlares":true,"showImageEffects":true,"showParticleSystems":true,"showVisualEffectGraphs":true,"m_FxEnabled":true},"in2DMode":false,"pivot":{"x":-0.06838399171829224,"y":0.5895693302154541,"z":3.0688424110412599},"rotation":{"x":0.01627393625676632,"y":0.3931347131729126,"z":0.006937215570360422,"w":-0.9193264245986939},"size":3.4965009689331056,"orthographic":false}