{"cameraMode":{"drawMode":0,"name":"Shaded","section":"Shading Mode"},"sceneLighting":true,"audioPlay":false,"sceneViewState":{"m_AlwaysRefresh":true,"showFog":true,"showSkybox":true,"showFlares":true,"showImageEffects":true,"showParticleSystems":true,"showVisualEffectGraphs":true,"m_FxEnabled":true},"in2DMode":false,"pivot":{"x":-0.6784505844116211,"y":0.2093372344970703,"z":-0.22120285034179688},"rotation":{"x":-0.2919478416442871,"y":0.25474318861961367,"z":-0.08098651468753815,"w":-0.9183216094970703},"size":14.290858268737793,"orthographic":false}