{"cameraMode":{"drawMode":0,"name":"Shaded","section":"Shading Mode"},"sceneLighting":false,"audioPlay":false,"sceneViewState":{"m_AlwaysRefresh":true,"showFog":true,"showSkybox":false,"showFlares":true,"showImageEffects":true,"showParticleSystems":true,"showVisualEffectGraphs":true,"m_FxEnabled":true},"in2DMode":false,"pivot":{"x":-3.149332284927368,"y":0.20867933332920075,"z":0.3871765732765198},"rotation":{"x":0.10810644924640656,"y":-0.7280884385108948,"z":0.11811595410108566,"w":0.6665405631065369},"size":8.542354583740235,"orthographic":false}