{"cameraMode":{"drawMode":0,"name":"Shaded","section":"Shading Mode"},"sceneLighting":false,"audioPlay":false,"sceneViewState":{"m_AlwaysRefresh":true,"showFog":true,"showSkybox":false,"showFlares":true,"showImageEffects":true,"showParticleSystems":true,"showVisualEffectGraphs":true,"m_FxEnabled":true},"in2DMode":false,"pivot":{"x":14.701910018920899,"y":0.5394721031188965,"z":-0.5886398553848267},"rotation":{"x":0.1894305795431137,"y":0.7438552379608154,"z":-0.23645679652690888,"w":0.5957529544830322},"size":1.5262548923492432,"orthographic":false}