{"cameraMode":{"drawMode":0,"name":"Shaded","section":"Shading Mode"},"sceneLighting":false,"audioPlay":false,"sceneViewState":{"m_AlwaysRefresh":true,"showFog":true,"showSkybox":false,"showFlares":true,"showImageEffects":true,"showParticleSystems":true,"showVisualEffectGraphs":true,"m_FxEnabled":true},"in2DMode":false,"pivot":{"x":8.593159675598145,"y":2.1609792709350588,"z":-7.945613861083984},"rotation":{"x":-0.016945557668805124,"y":0.738382875919342,"z":0.018635399639606477,"w":0.6739412546157837},"size":3.2435407638549806,"orthographic":false}